index,timestamp,question,answer
1,2025-09-05T08:16:08Z,What are the top 5 attacking IP addresses?,"Summary: The top 5 attacking IP addresses are listed below with their respective event counts.
Findings:
- `59.63.188.30` has the highest number of events (43,150).
- `183.63.110.206` is second with 34,680 events.
- `183.238.178.195` follows with 29,038 events.
- `139.219.191.138` and `183.62.140.253` both have 21,704 events.

`Preview:`
ip_address,event_count
59.63.188.30,43150
183.63.110.206,34680
183.238.178.195,29038
139.219.191.138,21704
183.62.140.253,21704

`SQL:`
```sql
SELECT ip_address, COUNT(*) AS event_count
FROM ssh
GROUP BY ip_address
ORDER BY event_count DESC
LIMIT 5;
```"
2,2025-09-05T08:16:20Z,Show me all failed login attempts from yesterday,"Assumption: Yesterday is defined as the day before today's date in UTC.

`SQL:`
```sql
SELECT *
FROM ssh
WHERE event_type IN ('FAILED_LOGIN', 'FAILED_LOGIN_INVALID_USER')
  AND timestamp >= DATE_SUB(CURDATE(), INTERVAL 1 DAY)
  AND timestamp < CURDATE()
LIMIT 50;
```"
3,2025-09-05T08:16:33Z,Are there any signs of brute force attacks?,"Summary: To identify potential brute-force attacks, we will look for repeated failed login attempts from the same IP address.

`SQL:` 
```sql
SELECT ip_address, username, COUNT(*) AS failed_attempts
FROM ssh
WHERE event_type IN ('FAILED_LOGIN', 'FAILED_LOGIN_INVALID_USER')
GROUP BY ip_address, username
HAVING failed_attempts > 10
ORDER BY failed_attempts DESC;
```"
4,2025-09-05T08:17:05Z,Which usernames are being targeted most frequently?,"Summary: The usernames being targeted most frequently are listed below with their occurrence counts.

Findings:
- `root`: 316,601 attempts
- `admin`: 11,114 attempts
- `test`: 1,086 attempts
- `oracle`: 978 attempts
- `support`: 937 attempts
- `user`: 718 attempts
- `pi`: 674 attempts
- `nagios`: 592 attempts
- `guest`: 518 attempts
- `postgres`: 432 attempts

Preview:
```
username,attempts_count
root,316601
admin,11114
test,1086
oracle,978
support,937
user,718
pi,674
nagios,592
guest,518
postgres,432
```

SQL:
```sql
SELECT username, COUNT(*) AS attempts_count
FROM ssh
GROUP BY username
ORDER BY attempts_count DESC
LIMIT 10;
```"
5,2025-09-05T08:17:09Z,How many total login attempts were recorded?,"Summary: The total number of login attempts is the count of all rows in the `ssh` table.

```sql
SELECT COUNT(*) AS total_attempts FROM ssh;
```

`SQL:` ```sql
SELECT COUNT(*) AS total_attempts FROM ssh;
```"
